application_type,applications,with_conditions,refused
"Householder Application",38310,8638,5946
"Full Planning Permission",37967,10589,9309
Householder,35874,13776,5651
"Full Application",12945,2552,3555
"Approval of Details",11175,255,847
"Detailed Planning Application",11041,7984,1497
"Certificate of Lawfulness - Proposed",8417,1807,1733
"Proposed Lawful Development Certificate",7198,0,911
"Cert. Lawfulness Proposed",6396,0,678
"Prior Approval - Householders",5956,1,1676
"Prior Notification (Householder)",5663,0,3057
"Certificate of Lawful Development - Proposed",5293,120,731
"Cert of Lawful Use/Operation - Proposed",5220,2,832
"Householder Planning",5130,3152,1117
"Application for Full Permission",5114,3754,584
"Section 192 Certificate - proposed",4941,2,470
"Prior Approval - Large householder",4753,0,1645
"PA Householder Rear Extension",4751,0,1594
"Section 192 Permitted Development",4265,0,443
"Details (following full perm.)",4019,3683,46
"Prior Approval - Larger Home Extension",3756,14,1140
"Certificate of Lawfulness Proposed Use",3739,0,798
"Lawful Development Certificate proposed",3604,0,514
"Non-Material Amendment",3562,1192,676
"Certificate of Lawful Use proposed",3455,0,501
"PA - Householder Class A extensions up to 6/8m long - Part 1, Sched. 2",3449,0,850
"Full Planning",3072,1686,770
"Lawful Development Certificate (Proposed Use)",2932,0,275
"Lawful Development Certificate-Proposed",2800,0,356
"Approval of details reserved by condition (discharge)",2736,2495,0
"Certificate of Proposed Use",2513,0,278
"Details Reserved by Condition",2498,2,352
"Variation of Condition",2481,1387,210
"Conditions pursuant to a full permission",2401,0,155
"Full Planning Application",2183,1142,516
"Householder Planning Permission",1954,0,661
"PP (Planning permission)",1933,135,277
"Approval of Details (Following Full PP)",1919,0,326
"Prior Approval: Larger Home Extension",1819,0,411
"Minor application",1788,2,220
"Full Planning (Householder)",1675,1301,263
"Householder Prior Approval",1675,0,472
"Details pursuant to Planning Condition",1633,23,108
"General Permitted Development-Extensions",1526,0,383
"CON (Conditions)",1491,1286,0
"Certificate of Lawful Dev. - Proposed",1374,0,85
"Variation: Non-Material Changes",1310,0,68
"Vary/Remove condition/Minor Mtl Amnd",1297,806,158
"Non Material Amendment",1290,51,176
"Non Material Change - Minor Amendment",1227,0,158
"Householder planning permission",1197,290,182
"Non Material Amendments",1086,0,158
"Non-material amendment (TCPA S96a)",1003,0,72
"Non-material amendments",925,0,159
"Discharge of Conditions",892,420,61
"Non-Material Amendment to planning permission",829,0,122
"Prior Approval Residential Extension",781,0,140
"Certificate of Lawfulness (Proposed)",773,639,100
"Householders Extensions Prior Approval",765,0,214
"Full planning permission",679,101,192
"Minor Amendment Application",666,37,86
"General Permitted Development Extension",642,340,154
"Discharge Condition",608,0,40
"Change of Use",606,0,157
"Planning Permission",598,37,60
"Cert. of Law. Existing Dev. (TCPA S191)",593,0,64
"NMA (Non-Material Amendments)",593,0,71
"Householder (fasttrack)",582,490,73
"Full Detailed Planning Application",576,0,8
"Prior Approval Householder Application",555,0,172
"Lawful development: Proposed use",552,1,54
"Cert. Lawfulness Proposed (fasttrack)",539,0,69
"Matters relating to a S106 Agreement",526,445,4
"Householder Applications",525,0,110
"Cert. of Law. Proposed Dev. (TCPA S192)",509,0,73
"Certificate of Lawfulness - Existing",502,59,165
"Listed Building Consent",472,11,84
"S.73 Vary/Remove Conds/Minor Alterations",456,0,34
Full,433,93,42
"Variation of Conditions",432,0,75
"Prior Approval Determination",410,233,97
"Variation of a legal agreement",384,1,17
"Certificate of Lawful Use existing",381,0,97
"ARB (Tree applications)",364,0,2
"Delegated to Ealing",364,0,0
"Lawful Development Certificate (Proposed)",356,0,0
"Removal or variation of a condition",351,0,44
"Observations to Other Authorities",343,79,0
"Details pursuant to a planning condition",341,0,22
"Certificate of Lawful Development Proposed",329,0,25
"Office to Residential",329,0,123
"Discharge of Condition(s)",324,0,17
"LDC (Proposed) Operations edged",324,0,22
"Retention/Continued Use",324,127,131
"Certificate of Lawfulness Existing Use",299,0,78
"Listed Building",296,177,63
"Minor Material Amendment",274,38,41
Householders,269,0,58
"Lawful use (operation)",269,0,44
"Large Home Extensions",267,0,28
"Approval of details (conditions)",266,0,1
"Observations-Other Boroughs Applications",264,0,30
"Full planning application",255,0,21
"Removal/Variation of Condition (Section 73)",255,174,20
"Variation / Removal Condition (TCPA S73)",247,0,23
"Observations from adjoining Borough",243,0,4
"Certificate of Lawfulness (Existing)",224,111,86
"Consultation Other",221,25,1
"Full App (Householder Development)",218,0,38
"Prior Notification (Office to Res)",216,0,70
"Outline Application",207,17,93
"Non-Material Amendment(s)",206,7,63
"PA Office to Residential",199,0,65
"Prior Approval - Householders (fasttrack)",191,0,29
"CL (Certificate Lawful Use)",190,0,25
"Larger Household Extensions",190,0,45
"Section 106 - Satisfying an obligation",189,0,2
"Prior Approval (Class E To Residential)",187,99,65
"Prior Approval Change of Use",185,0,104
"Prior Appvl - Class A Larger House Extns",184,0,35
"Existing Lawful Development Certificate",183,0,37
"Certificate of Lawful Development - Existing",182,5,29
"GPDO - prior approval Telecoms",177,0,158
"Non-Material Amendment following Grant of Planning Permission",175,0,14
"Certificate of Lawful Dev. - Existing",167,0,24
"Prior Approval Office to Residential",167,0,26
"Outline Planning Permission",165,8,63
"Prior Notification",164,0,69
"Removal of Condition",164,82,12
"Full Planning Permission Application",162,2,11
"PF-Full Applications",158,0,46
"Section 191 Certificate - existing",158,0,28
"Observations to Adjoining Borough",157,28,0
"Neighbouring Authority Consultation",156,0,11
"Major application",155,2,9
"Prior Approval - Office to Residential",155,0,76
Telecommunications,146,0,102
"Cert of Lawful Use/Operation - Existing",145,0,32
"LB (Listed Building)",140,0,28
"Lawful Development Certificate existing",138,0,36
"Non-Material Amendments",138,0,11
"Cert. Lawfulness Existing",136,0,27
"Office Prior Approval",133,0,59
"Prior Approval Commercial Business & Service (Class E) to Resi (Pt 3 Class MA)",127,0,34
"PA - Office (B1(a) ) to Residential (C3 ) - Conversion - Class J, Part 3, Sched. 2",126,0,21
"Prior Approval (Telecommunications)",125,4,118
"Approval of details reserved by a condition",124,0,1
"Prior Approval",123,0,42
"Observations to Another Local Authority",121,0,4
Prune,121,0,1
"Adjoining Authority Consultation",119,0,1
"Prior Approval (Householders)",118,3,24
"PA - Retail to Residential",117,2,29
"Major Detailed Planning Application",116,59,15
"Non Material Change",116,0,27
"GPD P3O - B1(a) to C3",114,0,36
"Listed Building Consent (S8 P&LBC 1990)",114,0,31
"Approval of Details Reserved by Condition",111,4,7
"Reserved Matters (following outline)",111,72,0
"Commercial to Residential Prior Approval",109,0,52
"Lawful Development Certificate (Existing Use)",108,0,41
"Prior Notification (Class E to Resi)",106,1,31
"Certificate of Lawful Development Existing/Proposed",104,0,13
"Prior Approval - Retail to Residential",99,0,58
"Prior approval P3MA",99,0,43
"Listed Building Consent / Demolition",97,67,13
"Non-material amendment",97,0,17
"Certificate of Lawfulness proposed",95,0,24
"Variation/discharge of Legal Agreement",95,0,2
"Retail Prior Approval",94,0,48
"Prior Approval Shop to Residential",92,0,28
"Section 73 - Minor",91,67,15
"Adjoining Local Authority Consultation",89,71,0
"Lawful Development Certificate- Existing",89,0,4
"Prior approval Part 1 Class A.1(ea): Larger home extension",89,0,13
"Delegated to Brent",88,0,0
"Non-Material Minor Amendment to an existing Planning Application",88,0,11
"S73 - Removal/Variation of Condition(s)",86,52,12
"Approval of Reserved Matters",83,1,1
"Section 106 Agreement",83,0,3
"GPD P3MA - E to C3",82,0,26
"Variation to Section 106 Agreement",82,0,2
"Reserved Matters Application",81,35,1
"Alter or Extend a Listed Building",79,58,7
"Request for observations",77,0,3
"All other prior approval applications",76,0,17
"Cert. of Lawful Use/Dev - PROPOSED",76,0,3
"Prior Approval (Office to Residential)",76,28,24
"Major Application",75,41,14
"Non-Material Amendment Submission",75,0,5
"Council's Own Application (Reg 3)",74,62,1
"Removal/variation of conditions",74,8,9
"Adjoining Authority",72,0,0
"Certificate of Existing Use",72,0,9
"Non-Material Amendment (Section 96A applications)",71,0,1
"Prior Approval (Shop to Residential)",71,21,41
"Section 191 Cert Existing Lawful Use/Dev",71,0,11
"Householder - Fast Track",70,0,6
"Prior Approval - Change of use from Commercial, Business and Service to Dwellinghouses",67,0,39
"PA Retail/SG to Residential",66,0,18
"Approval of Details - Article 30 DMPO",65,0,0
"Retail/Betting/Payday Loan to C3",63,0,34
"Full Planning Approval",62,0,0
"PA Class E to Dwelling",62,0,20
"Vary or Delete Conditions Full/Outline",62,0,0
"Application for Approval of Details Reserved by Condition",59,47,1
"Class E to resi",54,0,28
"London Legacy Development Corporation",54,0,4
Invalid,52,0,0
Conditions,50,0,1
"Prior Approval - Office to Dwelling House",50,0,19
"Prior Approval - Retail/Betting/Pay day Loan to Dwelling House",50,0,20
"Prior Approval Class MA",49,0,27
"Prior Notification (Retail to Resi)",47,0,13
"Retail/ Bet/Loanshop to Restaurant/Café",47,0,29
"Householder Prior Approval(GPDO)",46,0,1
"PA Retail to Residential",46,0,15
"Prior Approval Larger Home Extension",45,0,1
"Non Material",44,0,2
"Non Material Amendments 2",44,0,8
"GPDO 8 Week Consultation",43,6,26
"PA Class MA - Change from Class E to C3",43,1,20
"Prior Approval Part 20",42,0,19
"Approval under Reg 3 Councils own dev",41,0,0
"Deed of Variation",41,0,0
"Retail/Betting/Payday Loan/Casio to A3",41,0,24
"Section 73",41,0,1
"Prior Approval (E) Office to (C3) Resi",39,0,21
"Advertisement Consent",38,12,3
"Certificate of Lawfulness Proposed",38,0,4
"Prior Approval Shop to Restaurant",38,2,10
"Section 73 (Minor Material Amendment)",38,25,4
"Certificates Lawful Proposed Use or Dev.",37,0,6
"Demolition determination",37,0,9
"Lawful Development Certificate (Existing)",37,0,0
"Reserved Matters",36,3,1
"Prior Approval: Demolition of building",35,0,2
"PA - Coronavirus Regulations 2020",34,0,15
"Prior Approval - Retail/Betting/Pay day Loan/Casino to Restaurant/Cafe",34,0,12
"Prior Approval Demolition",34,0,10
"Prior Approval - houses",33,0,18
"Removal of condition(s)",33,0,10
"S106 approval of details/discharge",33,0,0
"Local Authority Regulation 3 Application",32,0,0
"Retail/sui generis to residential",32,0,14
"Fast-track householder LDCs",31,0,1
"Prior Approval - Retail to Retail",30,0,23
"Permission in Principle",29,3,9
"Section 106 - Notification",29,0,1
"XXX - GPDO - Class A -- DO NOT USE",29,0,14
"Cert of Lawful Use/Operation - Prop FT",28,0,5
"Lawful development: Existing use",28,0,5
"Removal/Variation of Condition(s)",28,1,2
"Article 16/17 Consultation",27,0,0
"Certificate of Lawfulness Listed Building (Proposed)",27,18,3
"Consultation by Other Boroughs",27,0,0
"OPDC Discharge Condition",27,0,0
"PA: Commercial/Business/Service to Dwellinghouses",27,0,6
"Prior Appvl - Class E to (dwellings) C3",27,0,8
"Prior approval Part 3 Class MA: Commercial, business and service uses to dwellinghouses",27,9,10
"Prior Approval Residential",26,0,7
"Prior Notification (Retail/betting to A3",26,0,11
"Discharge Condition Reg3",25,0,0
"OPDC Consultation by Other Boroughs",25,0,4
"Prior Approval: Change of use - offices to dwellinghouses",25,0,10
"Variation / Removal of a condition Minor dwellings",25,0,6
"Application for Demolition",24,0,0
"Approval under Reg 4",24,0,0
"Pre-Application Service 20 Days",24,0,1
"Prior Approval B1c to C3",24,0,14
"Prior Notification for Change of Use",24,0,8
"Section 191Cert Existing Lawful Use/Dev",24,0,3
(),23,0,0
"Deemed (Reg3 Councils own Development)",23,0,1
"Demolition Prior Approval Determination",23,15,0
"Listed Building Consent Application",23,2,1
"Local Authority Development",23,0,0
"Minor material Amendment",23,0,3
"Prior Approval - All others",23,0,13
"Prior Approval: Change of use from Commercial, Business and Service (Use Class E) to Dwellinghouses (Use Class C3)",23,2,11
"Prior approval - new dwellings",23,2,5
"Certificate of Lawful Development Existing",22,0,1
"Conservation Area Consent",22,0,0
"Consultation by other Borough\LDDC",22,0,2
"Full Major Application",22,0,1
Outline,22,3,2
"PA - Demolition",22,0,2
"PA - Storage to Dwellinghouses (Class C3)",22,0,7
"Prior approval for demolition",22,0,0
"Certificate of Lawfulness - proposed",21,0,0
"Outline Planning Permission (All Matters Reserved)",21,0,9
"Pre-Application Service 15 Days",21,0,1
"Pre-Application Service 30 Days",21,0,0
"Prior Notification (Demolition)",21,1,0
"Prior Notification (Retail/bet to As/Le)",21,0,6
"Removal or Variation of a Condition following Grant of Planning Permission",21,7,3
"Reserved Matters DD Submission 1",21,0,1
"Reserved matters to Outline Permission",21,0,0
"CA (Control of Advert)",20,0,0
"Council Regulation 3",20,1,0
"E-uses/Betting/Payday to Mixed",20,0,5
"Full Planning (Council's Own)",20,18,0
"Prior Notification - Larger Household Extension",20,1,0
"S.73 Vary/remove conds/minor alterations",20,0,0
"VARAOMIN - Variation / Removal of a condition all other minor",20,0,2
"Approval Of Reserved Matters",19,5,0
"Class MA change of use Prior Approval",19,3,0
"GPD P3M - A1 A2 Bet Loan Mixed to C3",19,0,10
"Outline Planning Application",19,3,8
"Prior Approval (Miscellaneous Acts)",19,0,1
"Workshop Prior Approval",19,0,13
"Invalid Application",18,0,0
"PA-Dwellings on detached blocks of flats",18,0,6
"Prior Approval (A1, A2, SG to A3)",18,7,9
"Prior Approval for change to A3",18,0,11
"Prior Approval: Change of use - retail/takeaway to dwellinghouses",18,0,12
"Retail and specified Sui Generis to Resi",18,0,9
"Telecommunications Notification",18,0,0
"Confirmation of Compliance",17,0,0
"Prior Approval - Storage/Dist to Res",17,0,9
"Variation: non-material changes",17,0,0
Advertisements,16,9,2
"App for Non-Material Amendments",16,3,3
"PA Additional Stories to Flats",16,0,11
"PA Storage to Residential",16,0,8
"Prior Approval of a Proposed Larger Home Extension",16,0,1
"Variation of conditions (Section 73 applications)",16,0,0
"Adjoining Borough Observations",15,0,0
"Legal Agreement",15,0,0
"PA - A1 - A5 (Sui Generis) to Residential",15,0,6
"PA COU from Com/Bus/Serv to Dwellhouse",15,0,2
"Submission of Details 8 Weeks",15,0,3
"Variation of a Legal Agreement",15,10,0
"Change of use",14,4,5
"Compliance with S106 obligation",14,0,0
"Demolition Notification",14,0,1
"Demolition Prior Notice",14,0,5
ENA,14,0,0
"Local Authority Development by Others",14,0,0
"Prior Approval (Unassigned)",14,0,11
"Prior Approval - Commercial/Business/Service/Betting/Pay day Loan to Mixed up to 2 Flats",14,0,5
"Prior Approval - Restaurant/cafe",14,0,2
"Prior Approval MA - GPDO Part 3 -56 Days",14,0,4
"Screening opinion (EIA)",14,0,0
"Telecomms Licence",14,0,0
"Additional storeys to dwellinghouse",13,0,12
"Application for obs to adj boroughs",13,0,6
"Comments Required for Application in Adjoining Borough",13,0,0
"Consultation from Adjoining Authority",13,0,4
"Demolition Prior Notification",13,0,0
"Details (following Listed Building Consent)",13,12,0
"Full App (Any Operational Development)",13,0,7
"GPDO - prior approval demolition",13,0,3
"Non Material Amendments 3",13,0,2
"Outline Planning Permission - All/Some Matters Reserved",13,4,3
"Outline planning permission",13,0,8
"PA Householder Rear Extn - Fast Track",13,0,1
"Pre Application Enquiry",13,0,0
"Prior Notification (Storage to Resi)",13,0,9
"Screening Opinion",13,0,0
"Warehouse to Residential",13,0,8
"Approval of Details -Discharge Condition",12,0,0
"Cert of Lawfulness Proposed Use",12,0,0
"Discharge of Condition",12,0,1
"Observations for neighbouring Authority",12,0,2
"Outline Permission (Minor)",12,5,7
"PA - Telecomms",12,0,8
"PA Retail to Cafe",12,0,1
"PA Storage or Light Ind to Residential",12,0,5
"Prior Approval (Class E, Betting Shop, Pay Day Loan To Mixed Use Inc Resi)",12,6,6
"Prior Approval - Storage/Distribution Centre to Dwellinghouse",12,0,4
"Section 73 - Major",12,5,1
"Solar Photovoltaics (PV) non domestic",12,1,0
"Variation / Removal of condition - Major Housing Application - (ten units or more)",12,0,0
"details reserved by condition",12,0,0
"Adjacent Authority Consultation",11,0,0
"Cert. of Lawful Use/Dev -EXISTING",11,0,1
"Demolition Determination (GPDO Part 31)",11,0,0
"Flats on detached block of flats",11,0,8
"LDC (Proposed) Use edged",11,0,8
"Lawfull Use (use)",11,0,3
"PA New Dwellings on Detached Building",11,0,6
"Prior Approval Additional Storey",11,0,11
"Prior Approval: Change of use - retail to restaurant/café",11,0,4
Advertisement,10,6,2
"Approval under Rush Common Act",10,0,0
"Certificate of Lawful Development All",10,0,2
"Certificates Lawful Existing Use or Dev.",10,0,3
"Commercial/Business (E)-mixed use/flats",10,6,0
Demolition,10,0,1
"EIA Screening Opinion",10,0,0
"GPD P3P - B8 to C3",10,0,7
"GPD P3PA - B1(c) to C3",10,0,4
"GPDO Telecomm Act PD consultation",10,0,0
"Listed Building Consent (S8 P&amp;LBC 1990)",10,0,0
"PA - Light Industrial (B1C) to Dwellinghouse (C3)",10,0,5
"Prior Approval (Demolition)",10,3,1
"Prior Approval (Roof Extensions)",10,4,5
"Prior Approval (Storage to Residential)",10,0,10
"Prior approval - Enlargement of a Dwellinghouse",10,1,0
"Temporary Flexible Uses",10,0,0
"Variation of condition",10,1,0
"dwellings on detached blocks of flats",10,4,1
"AA Enlarge dwelling additional storey",9,0,4
"B8 (storage/distribution) to Residential",9,0,4
"Council Owned Regulation 3",9,0,0
"Deemed (Reg4 Councils Other Development)",9,0,0
"Environmental Impact Assessment",9,0,1
"Outline planning application with some / all matters reserved",9,0,2
"PA Construction of New Dwellings",9,0,6
"Prior Approval (Other)",9,2,5
"Prior Approval Shop to Assembly and Leisure",9,0,2
"Prior Approval: Development for electronic communications network",9,0,4
"Prior Demolition Notice",9,1,0
"Prior Notification (Light ind. to Resi)",9,0,4
"Reserved Matters following Major Outline",9,0,0
"Scoping Opinion",9,0,1
"Approval Reserved Matters (After OPP)",8,0,0
"Determination prior approval demolition",8,0,5
"Discharge Condition Reg 3",8,0,0
"Listed Building Consent (Alt Or Ext)",8,0,1
"PA - Householder",8,0,1
"Removal or Variation of Condition",8,0,0
"Reserved Matters DD Submission 2",8,0,0
"Storage & Distribution Prior Approval",8,0,4
"Variation of Condition following grant of planning permission",8,8,0
"XXX - GPDO - Class O - DO NOT USE",8,0,2
"Additional Environmental Approval (Extension of pp)",7,3,0
"Advert Application",7,0,3
"Advertisement consent",7,0,0
"Agriculture Prior Approval Determination",7,4,0
"Application for Temporary Permission",7,6,0
"Consent to display advertisements",7,0,1
"Construction of Additional Storeys",7,0,6
"Details (Required By Planning Portal)",7,0,0
"Discharge of s106 obligation",7,0,0
"EIA Screening",7,0,0
"Legal Agreement modify or discharge a planning obligation",7,0,1
"Modify / Discharge Legal Agreement",7,1,0
"Observations to OPDC",7,0,0
"Observations to Other Borough",7,0,1
"Outline App + Environmental Statement",7,4,0
"Prior - additional storey(s) extension",7,7,0
"Prior Approval Householder",7,0,0
"Prior Approval Light Industrial B1(c) to Residential",7,0,3
"Prior Approval to Demolish",7,0,0
"Scoping Opinion (EIA Regs)",7,0,0
"Telecoms Prior Approval",7,0,3
A16,6,0,0
"All other major",6,0,0
"Approval of reserved matters",6,1,0
CLP,6,0,0
"Certificate of Lawfulness (proposed)",6,0,2
"Full application Accompanied by ES",6,3,0
"GPD P3C - A1 A2 Bet Loan Casino to A3",6,0,3
"GPDO - works on operational railway land",6,0,0
"LDC (Existing) Operations edged",6,0,2
"Other Prior Approval",6,0,0
"Outline Permission (Major)",6,2,2
"PA New State School",6,0,2
"PA: Notification of Demolition",6,0,0
"Prior Approval Class E, betting shop, loan shop to mixed use (Pt 3 Class G)",6,0,1
"Retail/Betting/Payday Loan to D2",6,0,1
"Screening Opinions",6,0,0
"Telecom development",6,0,2
"Telecoms Determination (GPDO 2015 Pt 16)",6,0,2
"Temporary Change of Use (2 Years) Notification",6,0,0
"Variation / discharge of legal agreement",6,0,0
"X Variation/Removal of Condition(s)",6,4,1
"Additional Environmental Approval",5,0,0
"Application to Display Adverts",5,0,2
"Approval Reserved Matters",5,0,0
"Cert. of Lawfulness - existing",5,0,0
"Class E to Use Class C3 - Dwellinghouse",5,0,3
"Compliance of Conditions",5,0,0
"Consent to Display an Advertisement(s)",5,0,1
"Flats on detached commercial",5,0,5
"Full Regulation 3 - LBHF is Developer",5,0,0
"GPD P3G - E Bet Loan to Mixed + 2 Flats",5,0,1
"Licence Notification",5,0,0
"Major Outline Application",5,3,0
"Non Material Amendments 4",5,0,0
"Other Authority",5,0,0
"PA - Retail to Restaurants and Cafés (Class A3)",5,0,1
"PD Notification - Telecoms",5,0,0
"Prior Approval - GPDO Part 1 - 42 Days",5,0,1
"Prior Approval - Retail/Betting/Pay day Loan to Mixed Use",5,0,3
"Prior Approval New Dwellings on Detached Bldg in Comm or Mixed use (Part 20 Class AA)",5,0,3
"Prior Approval Residential Additional Storey (Part 1 Class AA)",5,0,5
"Prior Approval for change to D2",5,0,1
"Prior Notification - Larger Home Extension",5,0,1
"Prior approval office to residential",5,0,5
"Prior notification: Demolition",5,0,0
"Public PRE APP",5,0,0
"Reserved Matters DD Submission 3",5,0,0
"Scoping opinion (EIA)",5,0,0
"Advert (Express Consent)",4,0,0
"Approval of Details (Full PP)",4,0,0
"Approval of details (Council's Own)",4,4,0
"Business/Hotel etc. to State School",4,0,0
"Certificate of Lawfulness Existing",4,0,0
"County Matters",4,0,2
"ES Screening Opinion",4,0,0
"Environmental Impact Assessment - Screening",4,0,0
FUL,4,0,0
HOU,4,0,0
"Key Public Service Infrastructure Dev",4,0,0
"LB Brent Consultation - adjacent borough observations",4,1,0
"LDC (Existing) Use edged",4,0,0
"Light Industrial use to Residential",4,0,3
"Notice of Flexible Use",4,0,0
"OPDC Certificate of Lawfulness Proposed",4,0,0
"PA - Retail to Office",4,0,0
"PA-Dwellings detached commercial/mixed",4,0,1
"Prior Approval (A1, A2, SG to D2)",4,2,2
"Prior Approval - Retail and sui generis uses to residential",4,0,3
"Prior Approval Class M/N",4,0,4
"Prior Approval Network Rail",4,0,0
"Prior Approval New Dwellings on Blocks of Flats (Part 20 Class A)",4,0,2
"Prior Approval Storage and Distribution B8 to Residential",4,0,1
"Prior Approval of Demolition",4,0,0
"Prior Approval- Demolition and new flats",4,3,0
"Prior Notification (Agriculture to Res)",4,0,2
"Prior Notification - Demolition",4,0,0
Screening,4,0,0
"Screening Opinion (EIA Regs)",4,0,0
"Screening Opinion - EIA Regs",4,0,0
"Technical Details Consent",4,0,3
"Variation / Removal of a condition all other minor",4,0,0
"Variation of Legal Agreement",4,0,0
"XXX - GPDO - Class D - DO NOT USE",4,0,0
"Additional Environment Approval (Section 93B)",3,0,0
"Approval of Conditions",3,0,0
"Certificate of Lawfulness (Unspecified)",3,1,1
"Certificate of Lawfulness - Listed Bldng",3,0,0
"Certificate of Lawfulness of Proposed Works to a Listed Building",3,0,1
"Change of Use Agric under Part 3",3,0,1
"Dwellings 9 units or less",3,0,0
"EIA Major Full Applications",3,0,0
"Flatted Additional Storey Prior Approval",3,0,1
"Flexible Use Notification",3,0,1
"Follow-up Meeting Pre-Application Query",3,0,0
"GPD P3T - B1 C1 C2 C2A D2 to School",3,0,1
"LB Ealing Consultation",3,2,0
"Lawful Development Certificate Proposed",3,0,1
"Listed Building Consent (Demolition)",3,0,1
"Major Housing 10 units or more",3,0,0
"New dwellinghse on detached block flats",3,0,1
"Non Material Amendments 5",3,0,0
"OPDC Non-Material Amendment",3,1,0
"P Approval New Dwellinghouses on Detached Buildings in Commercial or Mixed Use",3,0,0
"PA - Other GPDO",3,0,0
"PA - Retail/Betting/P.day Loan/Casino to Rest/Cafe",3,0,0
"PA Agricultural to Flex Use (B8,C1,E)",3,0,1
"PA Retail to Leisure",3,0,0
"PA-Dwellings terraced commercial/mixed",3,0,3
"Prior Approval ( 4 weeks Notice)",3,0,0
"Prior Approval (6 weeks Notice)",3,0,0
"Prior Approval - Enlargement of a dwellinghouse by construction of additional storeys",3,1,1
"Prior Notification (General)",3,0,2
"Prior Notification for Miscellaneous development (Part 18)",3,0,0
"Reserved Matters following Outline",3,0,0
"Retail/ Bet/Loanshop to Restaurant/Caf",3,0,0
"Scoping Opinions",3,0,0
"Storage / Distribution to Residential",3,0,1
"Takeaways Betting shops etc to dwellings",3,2,0
"Tel Notification",3,0,0
"Telecoms Apparatus Determination_old",3,0,2
"Telecoms Application PD",3,0,0
"Temp Permitted Change of Use Shop/Office",3,0,0
"Temporary Change of Use Notification",3,3,0
"Tree(s) in a Conservation Area",3,0,0
"X Environmental Impact Assessment",3,0,0
"XXX - GPDO - Class C - DO NOT USE",3,0,3
"XXX - GPDO - Class M - DO NOT USE",3,0,3
APC,2,0,0
"Additional Pre-App Meeting",2,0,0
"C. of Lawfulness Proposed - Listed Bldg",2,0,0
"Certificate of Lawfulness (existing)",2,0,0
"Class G Prior Approval",2,0,0
"Consent to display an advertisement",2,0,0
"Council Regulation 4",2,0,0
"Council's Own Application (Reg 4)",2,1,0
"Details Following Outline (Reserved Matters)",2,0,0
"EIA (Screening Opinion)",2,0,0
"Enforcement No Application",2,0,0
"Environmental Impact Assessment - Scoping",2,0,0
"GPD P20AB D'houses on terrace commercial",2,0,0
"GPD P3J - A1 A2 Bet Loan to D2",2,0,1
"GPDO - Class M",2,0,0
"GPDO - Class O",2,,
"GPDO - prior approval Rail",2,0,0
"Listed Building Consent to (alter/extend)",2,0,0
"Listed building consent (Alt/Ext)",2,0,0
"Major Application (EIA)",2,1,0
"Minor Commercial",2,2,0
"Modification of conditions relating to construction working hours under s74B",2,2,0
"NOT (Notification)",2,0,0
"New dwellings on detached block of flats",2,0,0
"Non Validation Appeal",2,,
"Notification of Demolition",2,0,0
"Outline Planning Permission (Some Matters Reserved)",2,0,0
"Outline planning permission: Some matters reserved",2,0,0
P4D,2,0,0
"PA - Change of use to State-Funded School from B1, C1, C2, C2A and D2 - Class K, Part 3, Sched. 2",2,0,1
"PA - Flexible Use 2 years",2,0,0
"PA - Retail to Assembly and Leisure Uses (Class D2)",2,0,1
"PA - Solar",2,0,0
"PA New State School or Nursery",2,0,2
"PA: Commercial/Business/Service etc. to mixed use up to including 2 flats",2,0,1
"PA: Development for electronic communications network",2,0,1
"PACOU From Class E to C3",2,0,1
"PD Notification",2,0,0
"Power related development",2,0,0
"Prior Approval - Changes of Use Permitted Under a Permission",2,0,0
"Prior Approval - Installation, Alteration or Replacement of other Solar Photovoltaics (PV) equipment on the Roofs of Non-domestic Buildings, up to a Capacity of 1 Megawatt, subject to certain limitations*",2,0,1
"Prior Approval - New dwellinghouses on detached buildings in commercial or mixed use",2,0,1
"Prior Approval Demolition of bldg and construction of new dwellings (Part 20 Class ZA)",2,0,0
"Prior Approval GPDO 2 Part 20 Class AB",2,0,2
"Prior Approval New Dwellings on Terrace Bldg in Comm or Mixed Use (Part 20 Class AB)",2,0,2
"Prior Approval Telecomms",2,0,0
"Prior Approval: Change of use - business/hotels/etc to school/nursery",2,0,2
"Prior Approval: Change of use - light industrial to dwellinghouses",2,0,2
"Prior Notification (Class ZA Dem Dwe)",2,0,1
"Prior Notification of COU to Flexi Use",2,0,0
"Reserved Matters DD Submission",2,0,0
"Reserved Matters DD Submission 4",2,0,0
"Retail/ Bet Office/Loanshop to Assembly",2,0,0
"S106A Application",2,0,0
"S93B - Extension of Planning Permission",2,0,1
"SNN Verification Order",2,0,0
"State-funded School/Nursery",2,0,0
"Submission of Reserved Matters",2,0,0
"Tree Preservation Order",2,0,0
"Tree Works in Conservation Area (S211)",2,0,0
"Variation / Removal of condition All other major development",2,0,0
"X Outline Planning Permission",2,0,2
"change of use from offices to dwelling",2,1,0
"All other minor developments",1,0,0
"Applic. for tables and chairs",1,0,0
"Application prior approval - general",1,0,0
"Business/Hotels to Schools/Nursery",1,0,0
CON,1,0,0
"COU - Agric Bld to Flex Com Space",1,0,0
"Category K Pre-Application Query",1,0,0
"Cert of Lawfulness Existing Use",1,0,0
"Certificate of Lawful Use - Existing",1,0,0
"Certificate of Lawful Use - Proposed",1,0,0
"Certificate of Lawfulness LB",1,0,0
"Channel Tunnel Rail Link Act 1996",1,0,0
"Class A HH - Prior Approval",1,0,0
"Concept Meeting Major",1,0,0
Condition,1,0,0
"Condition Approval",1,0,0
"Condition Clearing",1,0,0
"Council's Own Development - Reg. 3",1,0,0
"Covid 19-Temporary operating hours",1,0,1
"Demolition of a Listed Building",1,1,0
"Detailed App + Environmental Statement",1,1,0
"Discharge of Conditions confirmation",1,0,0
"Dishcarge of Section 106 Conditions",1,0,0
"EIA Scoping",1,0,0
"EIA Scoping Opinion",1,0,0
"EIA screening opinion",1,0,0
"Electricity Undertaking",1,1,0
"Enforcement Notice Quashed",1,0,0
Fell,1,0,0
"Finally Disposed Of",1,0,0
"Flats on detached houses",1,0,1
"Flats on terraced comm/mixed use bldgs",1,0,0
"Full Application - Reg 3",1,1,0
"Full Application for Council's Own Dev.",1,0,0
"GPD P1AA D'house additional storeys",1,0,1
"GPD P20AA D'houses detached commercial",1,0,1
"GPD P20ZA Demolition and new d'houses",1,0,1
"GPD P3B - A4 A5 to A3",1,0,0
"GPD P3G - A1 A2 Bet Loan to Plus 2 Flats",1,0,1
"GPD P3M-Lndy Bet Loan T'away Mixed to C3",1,0,0
"GPDO - Class A",1,,
"General Permitted Development Order",1,0,0
"HS2 approval request",1,0,0
"Informal S106",1,0,0
"LB Hackney Consultation",1,0,0
"LB Newham Consultation",1,0,0
"LB Tower Hamlets Consultation",1,0,0
"LBE - Dev by LA",1,0,0
"LDC (Proposed) Operations coloured",1,0,0
"LDC (Proposed) Operations hatched",1,0,0
"Lawful development certificate Proposed use",1,0,1
"Local Development Order",1,0,0
"Major General industry / storage / warehousing",1,0,0
"Major Reserved Matters Application",1,0,0
"Major outline",1,0,0
"Minor - Retail distribution and servicing",1,0,1
NMA,1,0,0
"Non Material Amendment 18",1,0,0
"Non Material Amendments 6",1,0,1
"Non Material Amendments 7",1,0,0
"Non Material Amendments 8",1,0,1
"Non Material Amendments 9",1,0,1
"Non Telecom GPDO PD consultation",1,0,0
"Non-Material Amendment Reg 3",1,0,0
"Non-Material Amendment Reg3",1,0,0
"OPDC Certificate of Lawfulness Existing",1,0,0
"Other London Borough Consultation",1,0,0
P1A,1,0,0
"PA - A1 - A5 (Sui Generis) to Cafe (Class A3)",1,0,0
"PA - Office to Dwelling House",1,0,0
"PA - Retail/Betting/P.day Loan to Ass & Leisure",1,0,0
"PA - Specified Sui Generis to Dwelling House",1,,
"PA Agricultural Extension/New Build",1,0,0
"PA COU Agri to Flex Use B2/8 C1, E,F2(C)",1,0,1
"PA Enlarge DH by Const of Add Stor",1,0,1
"PA Householder Upper Extension",1,0,0
"PA Light Industrial to Residential",1,0,0
"PA New Dwell houses on D/B Flats",1,0,0
"PA Photovoltaic Equipment",1,0,0
"PA Telecommunications",1,0,0
"PA: New Flats on top of detached Commercial Buildings",1,0,0
"PA: New Flats on top of detached block of Flats",1,0,0
"PA: Takeaway/Sui Generis/Mixed Use to Dwellinghouses",1,0,0
PAG,1,0,0
"PO-Outline Application",1,0,0
"Permission In Principle",1,0,0
"Permission in Principle Technical Details",1,1,0
"Pre application",1,0,1
"Prior Agricultural Approval (All Types)",1,,
"Prior App Agricultural to Flexible use",1,0,1
"Prior Approval (Class E, Betting Shop, Pay Day Loan To Mixed Use Inc Residential)",1,0,0
"Prior Approval (School)",1,0,0
"Prior Approval - Assembly/leisure",1,0,0
"Prior Approval - Change of use from Commercial, Business and Service/Hotels/Residential Institutions/Assembly and Leisure to State-Funded School/Nursery",1,0,1
"Prior Approval - Collection Facility within the Curtilage of a Shop",1,0,1
"Prior Approval - Commercial/Business/Service/Betting/Pay day Loan to up to 2 Flats",1,0,0
"Prior Approval - Erection, Extension or Alteration of a Building for Agricultural or Forestry use",1,0,1
"Prior Approval - Industrial & General Business Conversions",1,0,1
"Prior Approval - New dwellinghouses on detached blocks of flats",1,0,1
"Prior Approval - New dwellinghouses on terrace buildings in commercial or mixed use",1,0,1
"Prior Approval - New dwellinghouses on terrace buildings in use as dwellinghouses",1,0,1
"Prior Approval - Restaurant/Cafe/Takeaway/Pub to Retail",1,0,1
"Prior Approval - Retail/Betting/Pay day Loan to Assembly & Leisure",1,0,1
"Prior Approval - Shops/Financial & Professional/Betting/Pay day Loan/Launderette/hot food takeaway to Office",1,0,1
"Prior Approval - Takeaway/Pub to Restaurant/Cafe",1,0,1
"Prior Approval A - GPDO Part 20 -56 Days",1,0,0
"Prior Approval Additional storeys on a Dwellinghouse",1,0,1
"Prior Approval Class E to Mixed Com/Res",1,0,0
"Prior Approval Class JA - A1, A2, A5 etc to B1(a)",1,0,0
"Prior Approval Collection Facility within the Curtilage of a Shop",1,0,0
"Prior Approval Commercial to Residential",1,0,0
"Prior Approval Offices to Dwellings(OTR)",1,0,0
"Prior Approval Part 15 Class B",1,0,0
"Prior Approval Part 16 Condition A3",1,0,0
"Prior Approval Retail To D2",1,0,0
"Prior Approval School, Hospitals, Prisons Pt 7 Class M",1,0,0
"Prior Approval of details under Part 15 Class B",1,0,0
"Prior Approval: Change of use - retail to assembly/leisure",1,0,0
"Prior Approval: Temporary use for commercial film-making",1,0,0
"Prior Appvl - Class AA upto 2 storeys",1,0,1
"Prior Appvl - up to two storeys flats",1,0,1
"Prior Notification (School)",1,0,0
"Prior Notification (Telecommunication)",1,0,1
"Prior Notification - Commercial",1,,
"Prior approval GPDO 2 Part 20 Class ZA",1,0,1
"Prior approval Part 3 Class Q: Agricultural buildings to dwellinghouses",1,0,1
"Prior approval Part 3 Class R: Agricultural buildings to a flexible commercial use",1,0,0
"Prior notification for demolition under GPDO",1,0,0
"Rail Permitted Development",1,0,0
"Reg 77 Notification",1,0,0
"Renewal of Extant Planning Permission",1,1,0
"Reserved Matters DD Submission 12",1,0,0
"Reserved Matters DD Submission 13",1,0,0
"Reserved Matters DD Submission 6",1,0,0
"Reserved Matters DD Submission 7",1,0,0
"Reserved Matters DD Submission 9",1,0,0
"Restrnts/Cafés/Takeaways/Pubs to Retail",1,0,0
"Retail/ Bet/Loanshop to to Restrnt/Caf",1,0,0
"S.106 Relaxation",1,0,0
SCR,1,0,0
"Scoping Opinion- Env Impact Assessment",1,1,0
"Screening Opinion- Env Impact Assessment",1,1,0
"Section 106 Details",1,0,0
"Section 316 Planning Permission",1,0,0
"Solar Equipment On Non-Domestic Premises",1,0,0
"Technical Details for PIP",1,0,0
"Telecom Development (free-standing)",1,0,0
"Telecoms Application Prior Approval",1,0,0
"Temporary Change of Use",1,0,0
"Thames Tideway Tunnel",1,0,0
"Trees: Notices of Intent",1,0,0
"Variation / Removal of condition - Minor office / R&D / light industrial",1,0,0
"Variation to S106",1,0,0
"Variation to S106 Legal Agreement",1,0,0
"Vary or Delete Conditions LBC",1,0,0
"Voided - Incorrectly Entered Application",1,0,0
"temporarily extend construction hours",1,0,0
